419551477591_2818182	My Fav.=IT'S SO FLUFFAYY!!!!!!
419551477591_2819436	3D fart gun
419551477591_2819796	Nokt ovar!!!
419551477591_2820653	Its so fluffy i'm gunna DIE!!!ITS SO FLUFFFAAAAYY!!!
419551477591_2821927	my fav part is ITS SO FLUFFY!!!!
419551477591_2824359	if i dont hav it i am going 2 die!!!!!
419551477591_8715137	3 kittens..
114439718608568_382440	1st
114439718608568_382462	suckers!
128373800539579_808491	Eyyyyyyyyyyyyyy jannnnnnnnnnnnnnnnnnnnnnn
144774822206152_1156236	1stt
138296222866138_1028250	i ALREADY WENT :(
413476945162_13255515	*snickers... fart gun
142312399112617_1090862	1st
142312399112617_1092846	Whattttttt
133180676715095_910422	Knock OVA!!!
411696222591_2689770	Ha
411696222591_2825569	HaHa.... :)
138589929500399_1001488	tickets are $15.50!!!
849804892055_1998435	knock over!
135643283131762_947983	knocked ovvverrrr.....
140938119256387_1071380	1st
140938119256387_1071405	1st
140938119256387_1072178	rock
849101327005_1989464	YES! Fav part!
849101327005_1990902	AHHHHHH I LOVEEEE IT!!!!!!!!!!!!!!!!!!sd;klfjkldfgkdnf;lm;asj/fkhdfl;s;fkjkjd
849101327005_1991886	"Knocked OOOOOOO-ver!" LOL
125904197450767_731113	i <3<3<3 AGNAS
408435600162_13166728	omg!.. funny!
407215145162_25595768	shut upp
118149141563042_481158	i <3 MINONS!!!!
406475065162_13129170	me lika bread sticksme lika bread stick
406475065162_25291580	i mean lol
406457585162_13136378	lmao so friken funny + cute
405072325162_13201582	fuhjri  rtgry
119425661414882_623861	butt!
221686580162_11637386	Mocha?
221512542591_3463996	@Andres> ur a fucking faggot dude! FUK U
