10151475870412592_10052251	j
10151475870412592_10052420	love it
10151475870412592_10052439	Krizia Ocejo
10151475870412592_10052457	Pooja
10151475870412592_10052604	no im not
10151475870412592_10053634	I love it!
10151475470447592_10052651	Inviteme no??jajaja...
10151475061702592_10051566	i love it
10151475061702592_10053750	Elijah Abrenica
10151474083177592_10043354	I love i love!
10151474083177592_10043579	Sanja Stojcic #besties
10151474083177592_10043591	love it
10151474083177592_10043811	Ami Ami Zaveri(:
10151474083177592_10043889	Love it
10151474083177592_10044168	love minions
10151474083177592_10044302	Opa Opa
10151474083177592_10044309	Karen Alejandra Gonzalez
10151474083177592_10044592	Lala Martinez :-D like
10151474083177592_10044869	Olga Gomez
10151474083177592_10044909	I love it
10151474083177592_10045324	If you like to smoke talk to me
10151474083177592_10045906	Jj
10151474083177592_10046037	A co to za kosmici
10151474083177592_10048574	OH MY GOD Yolanta Szalwinska
10151474083177592_10048874	double like!!!!
10151474083177592_10049782	#ok
10151474083177592_10050530	Zona Brave
10151474083177592_10051129	love it
10151474083177592_10052364	I love movie
10151474083177592_10053291	jajaja
10151474083177592_10054229	jk
10200651737429014_5567780	Mateo ehhhh no! jajajajajajajaja
10200651737429014_5568008	jajajaj esta genial !
10200651737429014_5568262	Maddie Mroczenski
10200651737429014_5568511	Eh no Kevin Alberto Perez lol
10200651737429014_5568592	Jodi Block
10200651737429014_5568919	I love it
10200651737429014_5568982	ajajjajajaja Arlem Gomez R
10200651737429014_5569698	jajajajaja saludos
10200651737429014_5570195	I love it :)
10200651737429014_5571470	Love
10200651737429014_5572478	I love
10200651737429014_5574037	jajajajaj hay mi guzz!! Enrique Oregel
10200651737429014_5575047	Love it
10200651737429014_5575424	Moises Pozo Gavilan
10200651737429014_5578285	i love it
10151472024302592_26562537	Miznadz Chickiitah :)
10151472024302592_26563632	3 july.....oh no......
10151472024302592_26565413	Love
10151466363202592_10012997	Love*
10151466363202592_10014093	Love it
10151466363202592_10014613	This movie is gana be súper funny jajajajaja
10151466363202592_10015325	i love papol.. lol :p
10151466363202592_10017873	Supra Sal
10151466363202592_10019409	love it !!!!
10151466363202592_10020912	jl
10151466363202592_10023041	jajaja
10151465222882592_10007546	Oh no, not Dave!
10151463422487592_10005657	Jajajajajaja I totally <3 Jajajajajajaja it can rack me up
10151463422487592_10005686	love u gru
10151463422487592_10005779	Ana Báez jajaja bee do bee so bee do jajaja
10151463422487592_10005800	beto veto beto
10151463422487592_10005808	Ale Alv Bee do bee do jajaja
10151463422487592_10005884	Love it
10151463422487592_10006471	vedo vedo vedo
10151463422487592_10007064	Luisa Fernanda Rodas jajajajajaj Bee do....
10151463422487592_10007289	Ana Báez jaja I just wrote.. bee do bee do bee do jajaja
10151463422487592_10007314	I      love it
10151463422487592_10007854	Rebecca Granovskaya BEEDO BEEDO BEEDO!!!!
10151463422487592_10010288	Bedo bedo bedo bedo bedo bedo bedo jajajaja this movie i think that is gana be súper funny jajaja
10151463422487592_10011078	good movie
10151463488692592_26496228	Love it
10151463488692592_26496296	Vanessa Sanchez 󾌳jejehe
10151463488692592_26496302	Ziva Zaragoza
10151463488692592_26496374	love!!
10151463488692592_26496416	❤Love love love❤
10151463488692592_26497395	Love you too flaketosa Mariliz
10151463488692592_26497759	I love it!!!
10151463488692592_26498136	Love it
10151463488692592_26498489	Love it
10151463488692592_26498562	Love it
10151463488692592_26498807	Azucena González
10151463488692592_26500228	love it!!!!!!!!!!!!
10151463488692592_26501518	:p
10151463488692592_26502033	Krisztina Gurzo :))
10151463488692592_26502215	^v^
10151463488692592_26502461	I m lovin it...
10151463488692592_26503197	Peťulka :3 :D už se těším ♥ :D
10151463488692592_26503419	Love it
10151463488692592_26503771	love it
10151463488692592_26503952	i love it
10151463488692592_26504402	i love it
10151463488692592_26508141	I love it
10151463488692592_26508319	love love love it !!!
10151463488692592_26509976	Love :)
10151463488692592_26512139	Hajajaja loquillo! Muah Mario Saviñon
10151463488692592_26516361	i lov it
10151463488692592_26564405	i love it
10151463488692592_26571719	love it
10151463488692592_26571870	i love it
10151463242167592_9997748	Marjorie Mejia IT'S A DATE!
10151463242167592_9997810	H-oću i ja gledati to...
10151463242167592_9997879	Love it
10151463242167592_9998311	Nina Telarović
10151463242167592_9998527	So stoked
10151463242167592_9998688	Me too  i love #1  C:
10151463242167592_9999413	Elizabeth DjladyPhizz Barajas\(^_^)/
10151463242167592_10042307	Love it
10151463242167592_10054942	love it
10151461896262592_9991362	jejejjejejejjje que cura
10151461896262592_9991582	Love IT!
10151461896262592_9991716	I love it
10151461896262592_9991868	Moises Naranjo :)
10151461896262592_9992108	lovely.like
10151461896262592_9992467	Love.  Love.  Love.
10151461896262592_9993089	minjion
10151461896262592_9993294	Love it
10151461896262592_9994492	love evil minyin
10151461896262592_9994996	2 obvi
10151461896262592_9995298	Katrina Parubleva
10151461896262592_9996151	i love i just love it
10151461896262592_9996554	OMG love love love it!<3
10151461896262592_9998225	jajajajaja
10151461896262592_10005762	I love it
10151461896262592_10014071	cool jajajajajajajaja
10151461642247592_9989693	kevin!!!!
10151461642247592_9995781	<3 1 dit tek ty do vi  do kap ato 5
10151461642247592_9997383	Love it
10151461642247592_9999744	Lo de ser infantil se hereda..jejejeje
10151461642247592_10007499	mi novio zxD
10151460189872592_26471742	Jajajjajajajaja :-):-D
10151460189872592_26473266	gotta love dave :)
10151460189872592_26473306	oh dave....... :)
10200590565219747_5530543	I love it!
10200590565219747_5530578	love it
10200590565219747_5530614	i love it
10200590565219747_5530742	Daniela Boza buajajaja!
10200590565219747_5530751	Haz Reyes  Karla Mtz Soto jejejeje
10200590565219747_5531334	Boopiglovesyunjae Jung
10200590565219747_5531621	Vanja Junuzovic  minion na 2:35
10200590565219747_5531727	love love love <3
10200590565219747_5531925	Bacho Gvazava meore gamodiis
10200590565219747_5531942	love it...
10200590565219747_5531998	love it
10200590565219747_5532143	I love it!
10200590565219747_5532247	love it
10200590565219747_5532390	Love!!!
10200590565219747_5532401	love it
10200590565219747_5532461	love it
10200590565219747_5532902	love it
10200590565219747_5533144	Quiero verla me encanta jejejeje
10200590565219747_5533451	love it
10200590565219747_5533626	love it!
10200590565219747_5533888	"BOTTOM" jajajajaja
10200590565219747_5533907	i love it!
10200590565219747_5534126	amor mira al 2:42 jajaj como come jajaj :3 Glendy Contreras
10200590565219747_5535787	love it
10200590565219747_5536752	jajajajajaajajajajajajjaajja!!!!! bottom!!!
10200590565219747_5537938	jajajaja, genial!!! :D
10200590565219747_5555398	love it
10151453631942592_9971068	lovely
10151453631942592_9971116	Lussy Mitkova
10151453631942592_9971386	:v
10151453631942592_9971865	ejejjee!!!1
10151453631942592_9971900	Love Gru!
10151453631942592_9972344	I love Gru!!!!
10151453631942592_9972974	jajaja no entiendo nada de k k dicen!!!
10151453631942592_9973504	jiji
10151453631942592_9973586	Spos
10151453631942592_9973681	I so love him go best dads
10151453631942592_9974929	 igualito jajaja deise serrano en lo enojón 
10151453631942592_9974936	Jaja...
10151453631942592_9975614	Isidro Enriquez   se parece ati jajajaa
10151453631942592_9976393	Love Gru!!!!!
10151453631942592_9976506	Hahajaja
10151453631942592_9976509	Love love love love <3
10151453631942592_9976785	Jajajajaja
10151453631942592_9977786	oh glob.
10151453631942592_9980103	Love Gru
10151453631942592_9980321	k tiene patty jajajajajajajjjajjajajaaa
10151453631942592_9994545	trop naze
10151453631942592_10021058	vn
10151453631942592_10035354	Äpril
10151453631942592_10053400	Jajaj!!
10151453703652592_9964583	nice B-|
10151453703652592_9965322	Problem solved Ana!
10151453634962592_9959684	lol in love
10151453634962592_9959806	kdjfa;iej;raoifndklvaslkfajf
10151453634962592_9960283	oh snap
10151453634962592_9960485	Lov
10151453634962592_9960690	Jahnvi Upreti
10151453634962592_9961062	dislike!
10151453634962592_9961293	ganda nito favoret ko to
10151453634962592_9962983	love
10151453634962592_9967381	Jijijijij jijijijijijiji
10151453634962592_9984280	rape
10151453634962592_9996364	love
10151453634962592_10015522	Love <3 lol
10151453634962592_10015755	ohhh love.
10200585376410030_5515689	Oscar Neftali Reyes Lopez jajajaja
10200585376410030_5515743	Love it
10200585376410030_5515778	Love it love it!
10200585376410030_5515853	Lin Jose jaja mira bebe
10200585376410030_5515885	Venkata Revanth
10200585376410030_5515925	XD jajajajajajajajaja jajaja
10200585376410030_5515963	I love it!
10200585376410030_5516118	Jose Nino
10200585376410030_5516142	Anik Girouard
10200585376410030_5516163	Jajaja
10200585376410030_5516230	u look like a good mom :D
10200585376410030_5516260	:v
10200585376410030_5516345	I love it!!!
10200585376410030_5516415	I love it!!!
10200585376410030_5516464	love it!!!!
10200585376410030_5516637	lov it
10200585376410030_5516646	i love it!!!!!!!!!!!!!!!!!!!!!
10200585376410030_5516763	jajajajajaja la <3 ! ya quiero verla...
10200585376410030_5516813	Love it
10200585376410030_5516847	Hey look, its Nicki minaj!
10200585376410030_5516978	Love!
10200585376410030_5517007	Dariela Kafie jajajaj<3
10200585376410030_5517053	I love it!
10200585376410030_5517062	Isael Dm jejeje tienes k venir a verla :) juntos !!!
10200585376410030_5517212	I love it!
10200585376410030_5517543	Jakson L. Donovan
10200585376410030_5517564	Mariam mec ro velodebi :D
10200585376410030_5517767	HAHAHAHA Jasmine Bogaty je veux sa robe!!
10200585376410030_5517889	jajaja
10200585376410030_5517911	love it
10200585376410030_5518104	Jajaja esta bueno;))
10200585376410030_5518183	i love it
10200585376410030_5518242	lol love it
10200585376410030_5518376	i love it!
10200585376410030_5518470	Love it
10200585376410030_5518536	Love Him
10200585376410030_5518573	i love it
10200585376410030_5518711	Love it
10200585376410030_5518781	VVV LMAO VVV (nice)
10200585376410030_5518847	love it!!!!!
10200585376410030_5518908	Jose Vijil ... WE ARE SEEING THISSSSS
10200585376410030_5519010	OMG !!!! I Love Gru !!!!
10200585376410030_5519037	i love it!!!
10200585376410030_5519160	<3 love it
10200585376410030_5519174	jajaj Ba boy!! i LOVE THIS MOVIE
10200585376410030_5519190	jajaja
10200585376410030_5519276	Elijah Abrenica
10200585376410030_5519395	love it!!!!!
10200585376410030_5520183	Hahaha love it! :D
10200585376410030_5520298	Omg love it
10200585376410030_5520314	jajaja
10200585376410030_5520435	love it!
10200585376410030_5521400	love it
10200585376410030_5521938	love it!!   :)
10200585376410030_5523436	Nikki Rapaport!
10200585376410030_5523544	jajajajaja cool video
10200585376410030_5524603	Vivi Gonzalez
10200585376410030_5524863	Jose MV Vega ^.^!!
10200585376410030_5525301	lol love it
10200585376410030_5526702	Jijijij
10200585376410030_5527043	Jaz Rivera
10200585376410030_5527399	Justin Gonzalez
10200585376410030_5527688	love it
10200585376410030_5528541	:p
10200585376410030_5528844	Ewelina Zahora
10200585376410030_5532965	so makin me lol
10200585376410030_5543114	love it love it love it!!!!
10151451768997592_9957025	i love it.
10151451634442592_9950589	Love, love, love it.....
10151451634442592_9951403	I love Gru!!!
10151451634442592_9952035	love...... love...
10151451634442592_9952178	ab un teeno kittens ko doodh pilao...
10151451634442592_9952954	love gru
10151451634442592_9960306	:p
10151451634442592_9964734	diz iz juzz cute!!
10151450171707592_9943160	Kevin, Kevin, bo-bevinBanana-fana fo-fevinFee-Fi-mo-mevinKevin!
10151450171707592_9943431	apoi? ohhhh opa cho kimba
10151450171707592_9944448	Let's make a banana split popsicle.
10151450171707592_9944580	i love bananas too!!!!!!!
10151450171707592_9983410	Jajajajajjaja
10151450171707592_9990964	Rose Marilynn Zarazua vamos a ser nosotras jaja
10151449662542592_9941104	no i believe in god.
10151448444637592_9935872	love it!
10151448444637592_9936094	Lolz! Lav it
10151448444637592_9937248	ok
10151448444637592_9938121	no u dnt hav -,- 
10151448444637592_9940634	love it
10151448444637592_9941252	jajajajaj awesome
10151448444637592_9957158	jajajajaja
10151459176355163_25478252	Joseph H Vo HAHAHA!!
10151459176355163_25478367	Buttom jajaja cute
10151459176355163_25478698	i love it
10151459176355163_25478744	Hugo Garcia jajajajaja
10151459176355163_25479472	Lucero "pff bottom jajajajajajajaja" SON EPICOS ajajaja
10151459176355163_25479744	ok
10151459176355163_25481134	bod-dom
10151459176355163_25481583	Jjjjjjjjj bottom
10151459176355163_25482553	Haha.. inlove :3
10151459176355163_25484352	nice move
10151459176355163_25484569	love, love, love
10151459176355163_25484942	Mazen Najm  :)
10151459176355163_25499548	Irving Tejada :) jejeje minion falls in love...
10151459176355163_25499552	nice movie
10151459176355163_25502403	Bottom jajajajaja Sheareliz Maldonado
10151459176355163_25502538	Brenda Garza Jajaja 
10151459176355163_25503336	jajajaja esta buena esta movie
10151459176355163_25504547	Jajajajajajaja
10151459176355163_25505767	Lizzet Zavala
10151459176355163_25506198	ahaha, zaljubim se pet - sest puta u roku od 3 minuta! :D
10151459176355163_25514658	Sema Chabo Aline Kim Minaj B
10151459176355163_25514859	i love it
10151459176355163_25521315	Love it
10151459176355163_25526095	hay ajjajajaj barbarbida ajajajajaajaj <3
10151459176355163_25526391	jajajaja q graciosos son :)
10151459176355163_25532801	i love it
10151459176355163_25534081	love it
10151459176355163_25536828	jajaja
10151459176355163_25537158	Dave in love??
10151441542812592_9908704	Olga Najera!!!!!
10151441542812592_9910144	:v
10151441542812592_9910405	I love it <3
10151441542812592_9916413	kik'
10151441542812592_9944867	hey!!! tiruriruu .....jajaja I'm crazy
10151441203797592_9908687	"Slip me some ice!"
10151441203797592_9910314	lol.. Faiz Faris, hoh kelih nih..
10151441203797592_9915202	:p
10151439790857592_9901425	Love it
10151439790857592_9903151	:v
10151439790857592_9915207	:v ha
10151439790857592_9976121	bn Morales 9n .hkkc.   nkpp0bnp
10151439301947592_9898403	oh!kevin....
10151439301947592_9899924	Alejandro !!!!
10151439301947592_9972115	OH poop
10151437914872592_9892320	lol potato lmao love it
10151437914872592_9892365	<3 Marija Janković
10151437914872592_9892459	jajaja !!!!
10151437914872592_9896105	Omg! We love ba-nA-nA
10151436905802592_9890954	Mario Carvajal
10151450219560163_25409003	oh my gosh! I'm stoked
10151450219560163_25409012	pupoi
10151450219560163_25409086	Lucija Kadić     :)
10151450219560163_25409659	Jenna Gravel
10151450219560163_25409830	Panana :) jaja
10151450219560163_25410056	Ohmygod! :))) Jimena Govea
10151450219560163_25410117	no july not june Danielle blake
10151450219560163_25410194	kiero uno jajaj
10151450219560163_25410278	Nicole Pletkovich
10151450219560163_25410308	Jajaja jajaja
10151450219560163_25410411	jajajajajajajajajaja si es sierto
10151450219560163_25410450	jajajajaja son un amor
10151450219560163_25410754	I love it 󾌧
10151450219560163_25410776	Miitzii Gonzalez jajaja si soy un minion jajaja
10151450219560163_25410939	Milovanović Anica <3
10151450219560163_25411043	Sdelinevska Castro....
10151450219560163_25411071	Love it
10151450219560163_25411190	I love it!
10151450219560163_25411199	Bawu Kovářová tvl to musime spolecne se na to podivat xD zadek xD
10151450219560163_25411210	mira Veronica Rosales 5 tolP2 jajajajajajajajaj
10151450219560163_25411472	jeeeej
10151450219560163_25411511	jajajajajajjajaj estan vien graciosos
10151450219560163_25411836	jajjajjajjaaja amo a los minions
10151450219560163_25412094	Zehra Zaidi ...
10151450219560163_25412135	Gustavo Ortiz
10151450219560163_25412152	MeLi!!! ve *-* jaja :D
10151450219560163_25412177	love it
10151450219560163_25412410	Katrina Parubleva :O
10151450219560163_25412428	love it.
10151450219560163_25412486	Elizabeth Gonzalez LIO'S BUTT!
10151450219560163_25412537	Rod Ejan
10151450219560163_25412548	love it!
10151450219560163_25412631	Jackie Moreno Jejeje Awsz(;
10151450219560163_25412882	love it
10151450219560163_25412937	jajajajjajjajjajjajjajajajajajajajajajque rico en la playa  jajajajajajajajajajaja
10151450219560163_25413082	jajaj Diana!!!!!!!!!!!!!!! iremos no ya estas apartada jajajajajajajaj
10151450219560163_25413239	love love minions <3
10151450219560163_25413384	love it!!
10151450219560163_25413471	love love love!!!
10151450219560163_25413673	0.24 jajajaja
10151450219560163_25413790	jojojo la escena de la playita amor jiji asi nos veremos?? chikithos i amarillos? jiji i ojones! jajaj TE AMO MINION!! Marshiitha Quiirvan
10151450219560163_25414251	jajajajajajja lindos
10151450219560163_25414378	Jajaja
10151450219560163_25414459	Ruben Herrero juajja mire... :D
10151450219560163_25414698	Jonathan Gonzalez Avalos
10151450219560163_25414739	Jajajaja
10151450219560163_25414780	lol jajajaja!!!
10151450219560163_25415235	DavEs Galindo Aguila jajajajajaja cheto pobresin xD
10151450219560163_25415305	Nice :)))) loved 1 :))))
10151450219560163_25416069	Banana!!! Love <3
10151450219560163_25416083	Arsalan Azadi bia mano az kafe zamin jam kon !
10151450219560163_25416689	Dajana Pavić
10151450219560163_25418448	Poparaziiez Ploiizz !!! <3 in love
10151450219560163_25418754	love it <3
10151450219560163_25418761	love
10151450219560163_25418843	good movie
10151450219560163_25419488	it's look like a good movie!
10151450219560163_25419764	Jijijiji son lo máximo
10151450219560163_25420866	PolvoriTa Martinez Garza mira jajajajaja tus minions!
10151450219560163_25422727	Jajajaa Laura  y xq no los etiquetas xp amor pero yo ya no tan pekeño jejej tkiero
10151450219560163_25422831	Nicolas jaye man bebin in sorat nemizareke
10151450219560163_25422835	Navid navid
10151450219560163_25422933	Majo Delgado
10151450219560163_25423965	Love it
10151450219560163_25423990	Love it jajajajajajahahaha
10151450219560163_25424290	jajajaja me gusto
10151450219560163_25425074	i love it
10151450219560163_25425699	Benja Garcia
10151450219560163_25425994	jajaja tan buena como la primera
10151450219560163_25430146	Ez jó lesz remélem! Az első tetszett. :)
10151450219560163_25430409	love it!!! :-)
10151450219560163_25432046	Love
10151450219560163_25432591	MAi :3 jajaja
10151450219560163_25433054	Devin Spradlin -lol
10151450219560163_25433121	Cameron Jankowski :)
10151450219560163_25435036	So stoked.
10151450219560163_25435238	love minions
10151450219560163_25436524	Baldo Kfir Cruz >.<' ALA! jajajajajaja
10151450219560163_25436727	Funny movie jajajajajaja
10151450219560163_25436826	Johana Ramirez
10151450219560163_25436887	Jajaja
10151450219560163_25437106	Mykii Ponce <333
10151450219560163_25437349	I love love love them!!!!
10151450219560163_25437368	okok cx
10151450219560163_25440822	I love it!!!!!!
10151450219560163_25440912	Delfino Tinajero
10151450219560163_25441807	love it
10151450219560163_25446426	Jajajajaja si si :)
10151450219560163_25447533	bedobedobedo! lol
10151450219560163_25447542	Eric Yovani Bernal
10151450219560163_25449895	OLi Golebiewski
10151450219560163_25449967	Diana Zavala
10151450219560163_25450007	Steven Rodriguez awwwww tepete jajajajajajaja
10151450219560163_25453360	Love it
10151450219560163_25455380	jajajajajajaja me derrito como mantequilla!!!
10151450219560163_25458520	Jajjajajajajjaan
10151450219560163_25459481	Supra Sal
10151450219560163_25459828	jjaja
10151450219560163_25459898	jajajajajaja - lolololololololo
10151450219560163_25462968	Olinka Japiin D Core
10151450219560163_25463205	me like it
10151450219560163_25463549	i love it
10151450219560163_25466681	Nikki Grippo WE NEED TO SEE IT
10151450219560163_25467471	Krish Bhavnani 4 WEEKSSSSSS <3 ERMAHGERD
10151450219560163_25467686	,v
10151450219560163_25468288	Stephanie Zavaleta
10151450219560163_25469611	Carolina Ayala Trigo  los multi cuatrimelos :v :v :v :v  x  :v :v :v :v = muchos.
10151450219560163_25476073	I love it
10151450219560163_25487823	Julio 3!!! jajajajajajajajaja, tu eres la "sirena"  (viro viro viro viro viro) jajajajaja :D
10151450219560163_25518361	Olga Najera
10151450219560163_25519399	i love it
10151450219560163_25532193	Jajajajaja
10151450219560163_25544873	lovin it
10151450219560163_25547479	Jazmine (x
10151450219560163_25551566	i love it
10151450219560163_25554643	O loke ir
10151443067760163_25374078	Kobi Bova
10151443067760163_25374354	Ricko Cruz-Martinez
10151443067760163_25375166	Dimitri Pronko Leah Driver
10151443067760163_25375368	Ileana Pineda Love it jajaja
10151443067760163_25376651	jjjjjjjjjjjjjjj I love MINIONSSSSSSSSSSS
10151443067760163_25380414	:v
10151443067760163_25422392	Mihail e tva da igraem? :D
10151443067760163_25516354	I love it
10151428948757592_9976148	ob
10151443077910163_25363611	Love love love love Despicable Me
10151443077910163_25363679	Jenny Troncoso ve eso xfavor wjajajajajajajajaja
10151443077910163_25363689	Maritza Zaragoza
10151443077910163_25363761	love it..
10151443077910163_25363840	Sormeh Konjkav
10151443077910163_25363856	i love it <3 <3 !!!!!!
10151443077910163_25364866	love it.........
10151443077910163_25365248	jajajaja
10151443077910163_25365399	I love Gru!!
10151443077910163_25365845	Love #1
10151443077910163_25365896	My favorite kid movie!!!!!!!
10151443077910163_25366367	Emma Sloan
10151443077910163_25367172	Javier PabloYou have to take me babii!!!
10151443077910163_25367748	jhjhjghjjuytj y j536536
10151443077910163_25367905	Elijah Gonzalez
10151443077910163_25372576	love it
10151443077910163_25375394	love it
10151443077910163_25375601	Love Gru!
10151443077910163_25375883	love it
10151443077910163_25375978	I love it!!!
10151443077910163_25379629	jajaja
10151443077910163_25383523	jajajajajajaja <3
10151443077910163_25388920	Jajaja nada qe ver XD
10151443077910163_25390855	so stoked:)
10151443077910163_25417880	Marija Svilar
10151443077910163_25437686	love it
10151429000812592_9852554	I loved it
10151429000812592_9852662	love it!!
10151429000812592_9852703	Love it
10151429000812592_9853025	jajaja
10151429000812592_9853601	love him!!!
10151429000812592_9853666	loved it
10151429000812592_9854538	4jma0                                                                                                                                                                                                                                                                                                                                                                                                                                                                                                                                                                                                                                                                            j
10151429000812592_9854539	j
10151429000812592_9854869	Love IT!
10151429000812592_9856934	love  ELLEN DEGENERES SHOW
10151429000812592_9864663	Ravnesh Prakash
10151429000812592_9960347	jajajajaja....
10151429000812592_10006499	Alejandro Molina Melendez jaja
10151428304222592_9848607	Bartosz Skora :)
10151428304222592_9848697	lo  maximo  jijjijiji
10151428304222592_9849007	love it <3
10151428304222592_9849053	Andriana Jankovic :D
10151428304222592_9849417	i love it
10151428304222592_9849538	Love it
10151428304222592_9850049	love it
10151428304222592_9850625	jednom dobar crtać .........obožavam je.
10151428304222592_9853027	Pop pop pop pop pop pop pop pop
10151428304222592_9853546	poo poo poo poo
10151428304222592_9854057	I love it :)) <3
10151428304222592_9854239	love it!!!
10151428304222592_9856514	tok tok tok tok tok
10151428304222592_9955501	Jajajajaja igualita Sofía Salazar
10151428304222592_10023573	:v
10151427306717592_9843589	..oh god
10151427306717592_9843643	love it
10151427306717592_9843710	Savannah Chavez
10151427306717592_9843902	Omg I love Steve! Hahaha
10151427306717592_9843975	,,,,,,,,i love u GRU
10151427306717592_9844072	oh god
10151427306717592_9844096	Oh mah lord no neck
10151427306717592_9844289	Kamil Drozdz
10151427306717592_9844637	jajajajajakaj
10151427306717592_9845220	Yes!!!! I love gru !!!!!!!!
10151427306717592_9845962	Gru!!! Love u man
10151427306717592_9846598	niice..
10151427306717592_9847490	Teď jsem to právě viděla ;D
10151427306717592_9850113	Good job grub u did great!!!
10151427306717592_9850177	Elnaz Nora Mari prototyp 1
10151427306717592_9984935	oh my god I just love it
10200472102578255_5421514	no falto por nada jajajajajaja
10200472102578255_5421580	Jajajajaja!!! bee do bee do bee do!!!,, love them cant wait!!
10200472102578255_5421696	Ali Ibrahem Suzi Apple :)
10200472102578255_5421821	i love it
10200472102578255_5422169	love it !
10200472102578255_5422189	in love !!!
10200472102578255_5422208	Jessica Zamrok
10200472102578255_5422337	Rija Imran <3
10200472102578255_5422516	I love it!!!!
10200472102578255_5422529	ne na ne na ne na
10200472102578255_5422680	I love to be
10200472102578255_5422753	I love Gru...
10200472102578255_5422787	Hugo Mota Jajajaja
10200472102578255_5422792	Donald Piedrasanta jajajajajajajajaja
10200472102578255_5422800	Jajajajajaja Silvia Maya tenemos que ir a verla bb
10200472102578255_5423297	save  me Gru!!!!!!
10200472102578255_5423822	i love Gru
10200472102578255_5423930	Alejandra Soto
10200472102578255_5425066	jajajaja...
10200472102578255_5425313	Lucija Ujević  ihihihihiihihihi  :))
10200472102578255_5425380	Petra Furač ja ne mogu dočekati!!!!!
10200472102578255_5425963	excited na ko.............. :)
10200472102578255_5426642	jobab paina keno?
10200472102578255_5428513	love it
10200472102578255_5431298	lovin it
10200472102578255_5432469	Love, Love, Love
10200472102578255_5436152	love it
10200472102578255_5438525	Laliko :D
10200472102578255_5457260	good move <3 <3 <3
10200472102578255_5457966	Mateo peedo peedo peedo jajajajajajajajaja
10200472102578255_5469261	Bedobedobedo :-)
10200472102578255_5489913	bedobedobedobedobedobedobedobedobedobedobedobedobedobedobedobedobedobedobedobedobedobedobedobedobedobedobedobedobedobedobedobedobedobedobedobedobedobedobedobedobedobedobedobedobedobedobedobedobedobedobedobedobedobedo
10200472102578255_5521885	bedobedobedobe
10151418432967592_9799988	Nice job :l :v
10151418432967592_9800231	J Rodolfo Ruiz
10151418432967592_9800241	Daniela Idraliz Jimenez
10151418432967592_9801240	Marshiitha Quiirvan jiji Fanny R. Jimenez
10151418432967592_9803466	gime froozen banana....NOW!
10151418432967592_9808453	jajajajajajaj ps oraaaa
10151417714262592_9796435	J Rodolfo Ruiz :D
10151417714262592_9796657	Carolina Saez-Jovane
10151417714262592_9797175	Jajajaja
10151417714262592_9909246	Alex Fernández traserom jajajaja
10151417714262592_9995361	Poka!
10151417011402592_9792596	evil gru-nievel!
10151417011402592_9793156	Bad just got good
10151417011402592_9794500	Minion ninja!!!!!!!
10151415722257592_9789485	Love it
10151415722257592_9789496	so cutee!!! >v<!!
10151415722257592_9789885	Love it love it love it.
10151415722257592_9789963	love it!
10151415572652592_9785801	I love it!
10151415572652592_9798453	Love it
10151414127777592_26143535	i got 15,000
10151414127777592_26207604	i love it
10151422651655163_25196331	jajajajajaja William 'Nano Figueroa
10151422651655163_25196475	Mike Moser
10151422651655163_25196619	i love it
10151422651655163_25196653	love it
10151422651655163_25196703	omg  jajajajaja
10151422651655163_25196876	Netza Ramos
10151422651655163_25196890	I love her like you gotta love Agnes
10151422651655163_25196909	Ivelisse Jimenez lol
10151422651655163_25197179	love it
10151422651655163_25197279	Love it
10151422651655163_25197290	Love it
10151422651655163_25197302	Denisse Alejandra Narro jajajajajaja :) me acorde de ti
10151422651655163_25197362	Your so fluuufy!!!!! jijiji love that girl
10151422651655163_25197379	jajajajajajajja cuack cuack! jajajajaj die
10151422651655163_25197535	I lov it!!!!!!! <3
10151422651655163_25197687	oh no lol
10151422651655163_25197866	Olivia Vranek Mia Hruska
10151422651655163_25197884	Stella Gomez ahhhhh Agostina Feijoo
10151422651655163_25197912	que es linda jijijiji
10151422651655163_25198032	Love it
10151422651655163_25198242	Anijah Blakemore lol
10151422651655163_25198284	love it;)
10151422651655163_25198295	Anijah Blakemore idc lil nigga
10151422651655163_25198322	Anijah Blakemore inbox or txt me nigga
10151422651655163_25198345	Bet Anijah Blakemore
10151422651655163_25198714	Jajaja
10151422651655163_25198864	jajaja
10151422651655163_25199276	Vea el nuevo.. jeje Romy...
10151422651655163_25199358	Steve Merlo 󾌴
10151422651655163_25199452	jajaja
10151422651655163_25199827	Bartosz Skora xD
10151422651655163_25201676	love it !
10151422651655163_25207532	jejejje que bien :)
10151422651655163_25209091	love
10151422651655163_25210274	I love it
10151422651655163_25210372	Nina Velona OMG YES>
10151422651655163_25210788	love it!
10151422651655163_25214641	love it
10151422651655163_25215335	love it!
10151422651655163_25216628	love it
10151422651655163_25220445	jeje
10151422651655163_25221291	Jazmin Rojo
10151422651655163_25222443	Love love love love love it!!!!!!!!!!!!!
10151422651655163_25232129	LmFao...we gotta see (; Raymond Gonzalez Erika Gonzalez
10151422651655163_25235352	love it
10151422651655163_25236196	I love it! :*
10151422651655163_25244015	Krish Bhavnani
10151422651655163_25244409	I love Gru..!!!
10151422651655163_25245682	jajaja
10151422651655163_25248301	Love!
10151422651655163_25253117	love
10151422651655163_25253235	i love it
10151422651655163_25254134	Jajajajajaja
10151422651655163_25260911	LOL... love it!
10151422651655163_25269455	I love it
10151422651655163_25279863	Tomek Betleja
10151422651655163_25295809	Love it
10151422651655163_25296193	jejejeej funny :)
10151422651655163_25300530	I love it!
10151422651655163_25301761	ok ok lindo jejejejejeje
10151422651655163_25306264	nice movie......
10151422651655163_25307112	Jessica Bojorjes
10151422651655163_25307258	Omg i love it
10151422651655163_25396822	jajja
10151422651655163_25504985	izel lol
10151422651655163_25512096	I love it
10151422651655163_25519022	Smiley Vega ^o^]/
10151422651655163_25522274	Love, Love, Love!!!!!
10151422651655163_25528468	Love it
10151422651655163_25529917	love it <3
10151422651655163_25536808	Maja Milutinovic !!!!!!!!!!!!!!!!!! Ahhhhh
10151422651655163_25537889	Areli Rojo Shii
10151422651655163_25539706	i love it!!!!!!!!!!!
10151422651655163_25549510	Macy Idzakovich
10151422651655163_25555466	Savana Gorman.....OMG!!!! I LOVE THIS!!
10151407826887592_9743621	David Platano Jerez
10151407826887592_9747624	lovely
10151405939397592_9731655	I love Flo
10151405427227592_9725326	vncfjufyu7k
10151405427227592_9726731	i love it
10151404381412592_9719139	Alot.
10151404381412592_9719192	ok
10151404381412592_9719436	Oh god -.-
10151404381412592_9719499	Alot
10151404381412592_9719801	alot!!! :)
10151404381412592_9720101	Alot
10151404381412592_9720805	Mi familia jijiji
10151404381412592_9721529	,,,,,,,,i love u GRU,,,,
10151404381412592_9722114	nice mov♥
10151404381412592_9722250	Vinamra Save
10151404381412592_9722259	@radhika vora
10151404381412592_9722471	Vinamra Save
10151404381412592_9722610	Alot
10151404381412592_9723325	love DISPICABLE MEEEE!!
10151404381412592_9727497	love it
10151404381412592_9734115	Stevo Alvarez
10151404381412592_9735252	alot....
10151404381412592_9736164	..alot!?
10151404381412592_9736485	Omg i jus love it
10151404381412592_9746168	Alaa Totonji
10151404381412592_9747425	Alot
10151404381412592_9752304	Elizabeth Gonzalez
10151404381412592_9780605	Jelena :)
10151414564815163_25129338	Jajajajajaja
10151414564815163_25129357	i love 
10151414564815163_25129454	Kat Abbi Gonzalez
10151414564815163_25129460	Love it
10151414564815163_25129474	love it
10151414564815163_25129538	Omg love
10151414564815163_25129588	Danica Daša :D
10151414564815163_25129657	I love
10151414564815163_25129699	lovy
10151414564815163_25129771	AbiiTje Rafaela
10151414564815163_25129802	Love it
10151414564815163_25129849	love it
10151414564815163_25130003	HILARIOUS movie
10151414564815163_25130030	I love it!!!
10151414564815163_25130088	I love it!!!
10151414564815163_25130282	Mariajo Retana amiiii <3 jaja
10151414564815163_25130492	iloveit
10151414564815163_25130961	Elijah.
10151414564815163_25131088	Toni Watkins <3
10151414564815163_25131148	Look Diana Jimenez Melo
10151414564815163_25131573	so cute!!! i like it
10151414564815163_25131583	I just love it!
10151414564815163_25131633	love it!!!!!
10151414564815163_25132010	lol..love it
10151414564815163_25132084	I love it!
10151414564815163_25132328	love it !!!
10151414564815163_25132487	Robot voice.
10151414564815163_25132976	i love it
10151414564815163_25133054	okej
10151414564815163_25133076	love it
10151414564815163_25134440	Mike Stapleton ❤
10151414564815163_25135068	Love love love
10151414564815163_25135069	love love love
10151414564815163_25135914	love it
10151414564815163_25136196	Love ❤
10151414564815163_25137217	love it
10151414564815163_25137260	łał ale fajne
10151414564815163_25138540	Vvvvv good.
10151414564815163_25138541	"less like a zombie, OK"
10151414564815163_25139702	I love it!!!
10151414564815163_25140513	love it
10151414564815163_25141336	Riiko Xin ; 带我去看 2 ><
10151414564815163_25142191	"Less like a zombie"
10151414564815163_25147390	ajjajajajajajajaja
10151414564815163_25147814	love it
10151414564815163_25149410	i love it so much
10151414564815163_25150415	love u mom
10151414564815163_25151107	I love it.
10151414564815163_25158922	Less like a zombie ok?
10151414564815163_25160122	Love
10151414564815163_25160896	love
10151414564815163_25166989	Love it
10151414564815163_25169654	love it!!!
10151414564815163_25170785	Love, love, love....
10151414564815163_25221159	Love it
10151414564815163_25225041	love it
10151414564815163_25231087	jajaja
10151414564815163_25267839	Nadav Weizman
10151414564815163_25332099	love it
10151414564815163_25393541	Sara Lozano
10151414564815163_25393648	:p
10151414564815163_25463277	I just love it...
10151414564815163_25525466	i love it <3
10151414564815163_25526213	Ivana Janković :D
10151414564815163_25555477	Savana Gorman...Lol
10151414564815163_25658208	i love it
10151399483992592_9688741	Love u gru
10151399483992592_9688780	I love u mom
10151399483992592_9688795	love u guru :P :*
10151399483992592_9689592	Love Gru's Mom!! lol
10151399483992592_9692789	:snake:
10151399483992592_9692792	:ZZZ:
10151399483992592_9694811	Jajajajajaj
10151399483992592_9698092	Lol. I love Gru!
10151398090192592_9679629	lol love it
10151398090192592_9679686	love Gru
10151398090192592_9679689	Love
10151398090192592_9679696	󾬏Love󾬏
10151398090192592_9679698	:v
10151398090192592_9679708	Love it
10151398090192592_9679729	I love it!!
10151398090192592_9679746	just love it!! <3 <3
10151398090192592_9679772	love it
10151398090192592_9679808	Love it
10151398090192592_9679883	jaja
10151398090192592_9679964	Lol ...love it!
10151398090192592_9680140	:) Jajajaja LOL funny
10151398090192592_9680682	Jajaja
10151398090192592_9680702	jajajaja I loved that scene
10151398090192592_9681229	Zeïneb Briki
10151398090192592_9681500	jajajajaja la hija de mi vecina ya es famosa
10151398090192592_9681950	Lol love it
10151398090192592_9683437	jajajajajaja la vi 500 veces y me sigue gustando esta movie
10151398090192592_9684448	lol love gru!!
10151398090192592_9684655	Best joke so funny...love it!!!!
10151398090192592_9689086	I loved it
10151398090192592_9697608	Jajajaj
10151398090192592_9700191	:v
10151398090192592_9909745	jaja
10151396923342592_9670477	Hmm...Gru no like papoy :(
10151396923342592_9670528	Oh poop
10151396923342592_9671344	:p
10151396923342592_9671606	Oh poop
10151396923342592_9673272	Bob!!!
10151396923342592_9673755	Stve Rejn
10151394152947592_9647244	Like to times
10151394152947592_9647294	pinky promise i love it
10151394152947592_9647720	Dani Lc jajaja!
10151394152947592_9648844	Gaby Labbé ;) jaja
10151394152947592_9649680	No it doesn't Ilia Gorokhovsky
10151394152947592_9655045	Love it
10151392572057592_25950946	Arizona?
10151404405045163_25053529	Kejda Oreshkovi
10151404405045163_25054053	Jajajajajajajajajajajajajajajajajajaja
10151404405045163_25054175	jkdskjdaslkjdaljasl!!! Ana Victoria Figueroa Dauto
10151404405045163_25054903	Jenna Relkov
10151404405045163_25055003	lol! love it!
10151404405045163_25055356	... jajajajajaja ...
10151404405045163_25056092	Marija Crook
10151404405045163_25057026	áh @@! love love <3 moah
10151404405045163_25058618	Yeonjin Lee
10151404405045163_25061946	Karina Rico jajaja muy bueno  :)
10151404405045163_25062183	ok
10151404405045163_25065587	Alejandra Naihomy Rodriguez
10151404405045163_25071204	z
10151404405045163_25231097	jaja
10151404405045163_25297037	Sophie :D :D esec giji "D "D
10151389928987592_9595172	jajaja very very nace!!!
10151389928987592_9595205	Dave Perez
10151389928987592_9595217	:v
10151389928987592_9595280	OMG I love him!
10151389928987592_9595459	Adorable super like it
10151389928987592_9595481	z
10151389928987592_9595575	Kevin Ksl Le
10151389928987592_9595726	Barbora Bakova
10151389928987592_9596825	Nicki Minaj
10151389928987592_9596886	jajaja mira a tu nobio Fatima Gonzalez
10151389928987592_9597017	Love it
10151389928987592_9597093	Love!!!!!!
10151389928987592_9597136	stop. in love.
10151389928987592_9597153	una Valeria Cosme Garcia morada!! jajajajaja =)
10151389928987592_9599480	Alaa Totonji
10151389928987592_9601502	Tina Kovacevic
10151389928987592_9601783	:v
10151389928987592_9602813	love it
10151389928987592_9603183	:v
10151389928987592_9605018	Viktoria Stankovska
10151389928987592_9606273	Stephanie Palczynski
10151389928987592_9606921	Gru'z gonna rock...
10151389928987592_9606939	Morteza Ramezani
10151389928987592_9609175	Zomg!!! So stoked!
10151389928987592_9614401	Jajaja soy yo
10151389928987592_9616384	jajajajjajajja Viviana García :) te odio ¬¬
10151389928987592_9632093	Tiffani Stover
10151389928987592_9640879	love love love love !!! haha xD
10151389928987592_9665727	:v
10151389928987592_9669691	Mira' Geneso Jaja :3
10151389530077592_9591955	I love it :)
10151389530077592_9595432	jajajajajajaja  i love it
10151389530077592_9605893	love.......
10151389530077592_9628667	Love it
10151387585027592_9570210	toinkz..
10151387585027592_9572296	dru !!!
10151387585027592_9578833	oh God..........
10151378998702592_9497790	Lizz Chavez go Now
10151378728487592_9495275	Love it
10151378728487592_9495386	ze
10151378728487592_9496769	......i  love DESPICABLE ME...
10151378728487592_9497591	fav  movie
10151378728487592_9497793	Favorite movie love it
10151378728487592_9499448	Love it
10151378728487592_9501994	Love ir
10151378728487592_9508480	love it...........
10151378728487592_9514934	Good movie love it
10151378728487592_9561059	i love tat movie
10151378728487592_9870327	:p
10151377560987592_9485238	love it !!
10151377560987592_9485651	Karina Rodriguez
10151377560987592_9486104	Like if u looked up
10151377560987592_9487032	Noke
10151377560987592_9487984	Reva Valadez :)
10151377560987592_9537951	Love it
10151377560987592_9550836	Love it
10151377246532592_9483817	jeje on the good
10151374761677592_9485152	Jennifer Cruz jajajajajajajaja:p
10151374761677592_9487445	Yo lo viii!!!
10151373221772592_9453064	Love it
10151373221772592_9453528	Jeje cute
10151373221772592_9454015	i love it!!
10151373221772592_9454613	Joseph McRaven
10151373221772592_9455173	Jajajaja!!
10151373221772592_9455695	Ana Paola Torre Schiavon jejeje.... Pa´tu!!
10151373221772592_9456763	love it ! <3
10151373221772592_9462291	love it!
10151373221772592_9678487	i love it!!!
10151368188367592_9411958	love it!!!!
10151368188367592_9412487	Love!
10151368188367592_9412902	love me too
10151368188367592_9413060	love it
10151357593987592_9337695	love
10151357593987592_9338116	love d movie...
10151357593987592_9338924	I love Gru!
10151357593987592_9340755	poop
10151357593987592_9342041	love it!
10151357593987592_9344030	lovely
10151354936607592_9313116	:v(
10151354936607592_9313121	I love you Gru!
10151354936607592_9313246	:v(
10151354936607592_9313672	:v(
10151354936607592_9313983	:v(
10151354936607592_9314050	:v(
10151354936607592_9314518	:v(
10151354936607592_9314549	:v(
10151354936607592_9315932	:v(
10151354936607592_9316713	:v(
10151354936607592_9338299	:v(
10151354936607592_9388659	:v(
10151354936607592_9608588	Love Gru!
10151354936607592_9972150	:v(
10151349338522592_9279574	I love it
10151349338522592_9279669	I love Gru!!!!
10151349338522592_9281115	Oh yeah!! Marvin Jimenez :))
10151348454597592_9273569	Stoked
10151348454597592_9276084	I love Banana
10151346803897592_9262548	Love, love, love Agnes!!!! :)
10151346803897592_9263688	srecan rodjendan :)
10151346803897592_9629064	Urooj Zahra :P
10151346803897592_9910825	love uu :*
10151345779257592_25553708	love it
10151339830222592_9210366	Stephanie Gonzalez ya lo habia visto jajaja :)
10151339830222592_9211170	like a boss
10151339830222592_9212622	Love it
10151339830222592_9213248	Jimmy Zitnik
10151339830222592_9231911	Mike Skodacek Leianne Lazzara Skodacek David Skodacek
10151338374067592_9201366	oh poop
10151338374067592_9201423	Josh Klostik
10151338374067592_9201528	I  love him! xD
10151338374067592_9201537	I  love him! xD
10151338374067592_9202306	ja padouch
10151338374067592_9206749	more like pajamas
10151338374067592_9206783	mosok se.... ???
10151338374067592_9212384	love  it
10151338374067592_9340779	like NO STEW FOO
10151337120202592_9195537	Zeke &  Bradley
10151335750077592_9191526	I Love u Gru <3
10151330664562592_9179108	love em
10151330420587592_9148473	jajajajajajajaj un bajito con una alta
10151330420587592_9149285	love love love this movie
10151330420587592_9150215	love <3
10151330420587592_9151246	love it
10151330420587592_9154627	.... oh God...
10151330420587592_9155100	ok
10151330420587592_9161779	zasranecccgy
10151330420587592_9163151	Jk jk
10151330420587592_9274622	ajajajajaj no me gusto xD
10151330213927592_9146477	Kevi Yhome
10151330213927592_9147092	i got it it looked like a blimp
10151330213927592_9147576	ZEPPELIN!
10151330213927592_9147955	love it!
10151329306012592_9139069	Jajaja
10151329306012592_9139083	love it
10151329306012592_9139222	I love it....
10151329306012592_9139264	I'm in love!!!
10151329306012592_9139314	love it
10151329306012592_9139789	Love it
10151329306012592_9140661	Love it
10151329306012592_9141424	i love
10151329306012592_9142138	lmao love it
10151329306012592_9143132	Jajaja awesome
10151329306012592_9147186	Love it
10151329306012592_9147815	i love it
10151329306012592_9210478	i love it
10151329306012592_9220758	love it
10151328985102592_9135513	Japanese porno?
10151328985102592_9135604	Zeplin
10151328985102592_9135609	kevin
10151328985102592_9135677	Bakkit?  Izza BAKKIT! HEHEHEHE.
10151328985102592_9135904	0.240p
10151328985102592_9136776	Kca blimp
10151328985102592_9137255	Mo Lajevardi
10151328985102592_9137512	Japanese porn
10151328985102592_9137517	Nickelodeon blimp
10151328985102592_9137533	Gru's nose. Lol
10151328985102592_9137948	roket
10151328985102592_9139492	zblimp
10151328985102592_9140136	a blimp/ zeppelin
10151328985102592_9140220	zeppin
10151328985102592_9142886	rodket
10151328985102592_9145675	blimp/zepplin
10151328985102592_9147167	blimp/zeplin
10151328985102592_9153051	a roket
10151328985102592_9200312	roket
10151328985102592_9204748	nick blimp
611106885569534_7359181	Yani Mozo Amber Mozo
611106885569534_7359432	Lov it
611106885569534_7360640	love it....
611106885569534_7365818	i love it
611106885569534_7368795	love
611106885569534_7375637	Jedva čekam... :-)
10151326031392592_9117355	Love it
10151326031392592_9117381	love it.
10151326031392592_9118125	love it!!!
10151326031392592_9118185	Gavin<3
10151326031392592_9119496	love love love it!
10151326031392592_9126597	Siidra Majaz You & I
10151326031392592_9163111	love
10151326031392592_9615259	Jajajajaja :3
10151326031392592_9985297	post
10151326031392592_10030253	jejejejeje aja ni en tu casaren  te c
10151325099522592_9112299	love it <3
10151325099522592_9112302	oh no lol
10151325099522592_9112350	love em
10151325099522592_9112367	Gnay Nilzaj Lookie!
10151325099522592_9112437	love it
10151325099522592_9112438	muc love !!!!!!
10151325099522592_9112480	love it
10151325099522592_9112502	Super love it
10151325099522592_9112746	I love dave
10151325099522592_9112772	Mirna Mirjan
10151325099522592_9112948	Josipa Subašić Mrvi
10151325099522592_9114334	I love it
10151325099522592_9114426	jajaja
10151325099522592_9114445	vamos jajajajaja :D
10151325099522592_9114681	Naoko Oda
10151325099522592_9115493	join https://www.facebook.com/pages/Grins-and-Gigs-%E1%83%A6/174720639342988
10151325099522592_9118795	Angrezi me!!
10151325099522592_9122115	love it!
10151325099522592_9126314	gonna love it
10151325099522592_9127285	Jajajajajajaj
10151325099522592_9127963	jajajajaja mira Eduardo DE LA Fuente
10151325099522592_9163162	Look I'm naked
10151325099522592_9178573	poteto
10151325099522592_9202992	Love it
10151325099522592_9230612	La vamos a ver Tania Lhg jejej
10151325099522592_9230636	Siiiii :) Jaja Mario Lopez
10151325099522592_9242171	Love it
10151325099522592_9247843	Whitni Brooke WHOOOHOOO
10151325099522592_9251644	:) jajajajajjajajajajajajaja
10151325099522592_9793162	naked
10151325099522592_9973937	love it
10151325099522592_9982810	jajajajajjajaja mira esto Estual Rivera LOL
10151318828872592_9080872	good movie
10151318828872592_9080908	I love it....
10151318828872592_9081484	i love Gru!
10151318828872592_9082494	I  love U  Mr Gru : )
10151318828872592_9087007	oh i love it
10151315760852592_9063237	Isabel Zaragoza
10151315760852592_9063742	I love it!
10151315760852592_9067618	Yani Mozo Amber Mozo
10151309955157592_9127420	I love it... :9
10151307513457592_9022604	love it!!!!!!!!
10151307513457592_9022808	love it
10151307513457592_9022855	love it!!
10151307513457592_9023294	jajajajajaja me encanta!
10151307513457592_9023452	lol! love it
10151307513457592_9023666	ilove u
10151307513457592_9024307	Love it
10151307513457592_9027791	:v
10151307513457592_9028183	oka
10151307513457592_9030032	Ali Majaz
10151307513457592_9030457	I love them jajaja
10151307513457592_9279483	love it
10151307513457592_9881721	jajaja
10151292529897592_8969505	Stephanie Zaslov
10151292529897592_8969757	love it...
10151292529897592_8969873	just love dis movie..
10151292529897592_8970591	Love AGNES!!
10151292529897592_8970818	I love it!
10151292529897592_8971287	Dakota Hudzinski
10151292529897592_8971860	Love love lovee agnes
10151292529897592_8974274	i just love it
10151292529897592_8974399	I love it
10151292529897592_9000939	Mira Cherneva - tochno kato teb, kogato silno iskash neshto :)
10151285846802592_8933696	love love love it!
10151285846802592_8933715	so lovely
10151285846802592_8934663	in love
10151283091422592_8918104	I love!!
10151283091422592_8918154	I know jijijiji btw ya ahora si me vi wreck it ralph y ahora estoy cn les miserables jijii
10151283091422592_8920103	LOVE love love Despicable Me!
10151283091422592_8920779	Adrii Romanov toma petete para tu!!
10151283091422592_8931816	i vote
10151283091422592_8933260	I love it
10151281382522592_8907303	LOL good movie
10151281382522592_8907362	Love Gru!
10151281382522592_8907483	niice
10151281382522592_8907693	Haha I love vectors pihranna gun
10151281382522592_8909246	Jajajaja
10151270760792592_8854482	Memo Aljohary
10151270760792592_8854619	Elma Smajic love you :)
10151270760792592_8854921	Love?????????? Se kome???¡!
10151270760792592_8855110	Me inspiraron minnions.para mi tarjeta!!!!
10151270760792592_8899638	plz vote:)http://www.thecutekid.com/photo-contests/20130208/cute-kid-models-1360337073
10151270760792592_9592263	love
10151270760792592_9940153	love12345678910
10151267206667592_8837650	Love Gru!!
10151267206667592_8839612	love gru!
10151267206667592_8844929	Love Gru!!!!!!!!!
10151267206667592_8845401	i  love gru too :-)
10151265607997592_25045401	I love it :)
10151265607997592_25046105	just love <3
10151259154712592_8802334	Van Do Muni :) love
10151259154712592_8802387	jaja se parece ami :p
10151259154712592_8802978	I love it.............. <3
10151259154712592_8803271	I love movie
10151259154712592_8803546	love, love, love this movie
10151259154712592_8804867	love it lol
10151259154712592_8805903	so lovely
10151259154712592_8806013	Love
10151259154712592_8807414	i love AGNES <3
10151259154712592_8969442	Blk Slvr
10151253604482592_8779171	dislike.
10151253604482592_8779173	Love it
10151253604482592_8779208	jajajajj!!
10151253604482592_8779235	No , just no! -.-
10151253604482592_8779246	Love it
10151253604482592_8779276	Boo ravens
10151253604482592_8779300	Boooo ravens
10151253604482592_8779331	Yah ravens 
10151253604482592_8779339	dislike!!!
10151253604482592_8779381	He'll no! Dislike!
10151253604482592_8779399	got to love it
10151253604482592_8779427	boo ravens
10151253604482592_8779642	I love my
10151253604482592_8779651	ravens
10151253604482592_8779659	ravens
10151253604482592_8779739	Bravo........
10151253604482592_8780048	go ravens
10151253604482592_8780128	Love it
10151253604482592_8780177	I love 49ners
10151253604482592_8782662	Liz Makowske Tim Makowske
10151253604482592_8783766	Go ravensc:
10151253604482592_8784140	Mike Wnek
10151253604482592_8784183	YES Go ravens!!!!
10151253604482592_8785547	Boo ravens
10151253604482592_8785848	go Ravens~
10151252841017592_8775218	love it
10151252841017592_8775238	Fuffly?! jaja
10151252841017592_8775282	ojj cute!
10151252841017592_8777196	Gjcyvjbihbhggxszcbvhvbhccff. Problema
10151251799335163_24184616	Sandra Kozijević Iva Rukavina
10151251799335163_24186059	JajajajajJa good
10151251799335163_24188179	I love it!
10151251799335163_24189394	Vedran Grajner, Katarina Perić, Dragan Getz Crnogaj :D
10151251799335163_24274357	Like it
10151251799335163_24457878	p
10151251799335163_24988808	jajajajaj q risa :poop:
10151251799335163_25136010	poop
10151251799335163_25202850	poop
10151251799335163_25202972	poop
10151251799335163_25365086	(j)
10151251799335163_25384437	poop
10151251799335163_25410488	Romina Lizeth Guadarrama jaja
10151251799335163_25650872	love it
10151249833292592_24941039	ravens
10151249833292592_24941041	ravens
10151249833292592_24941046	ravens
10151249833292592_24941060	ravens
10151249833292592_24941065	ravens
10151249833292592_24941176	go ravens
10151249833292592_24941194	ravens
10151249833292592_24941213	Go ravens!!!
10151249833292592_24941220	ravens
10151249833292592_24941226	ravens
10151249833292592_24941282	ravens
10151249833292592_24941295	Oh I love!!!!
10151249833292592_24941400	Go Ravens !!!!!
10151249833292592_24941434	ravens
10151249833292592_24941461	ravens
10151249833292592_24941671	Love.
10151249833292592_24942052	go ravens
10151249833292592_24942056	go niners
10151249833292592_24942291	go ravens
10151249833292592_24942481	ravens
10151249833292592_24942732	Go Ravens!!
10151249833292592_24943122	Go Ravens!!!!!!!
10151249833292592_24943149	ravens
10151249833292592_24943172	ravens
10151249833292592_24943510	ravens
10151249833292592_24943518	ravens
10151249833292592_24943529	ravens
10151249833292592_24943983	ravens
10151249833292592_24944011	Go Ravens!
10151249833292592_24948388	ravens
10151249833292592_24955207	ravens
10151218956467592_8710943	love gru
10151218956467592_8711478	I like movies
10151218956467592_8711829	I love it
10151218956467592_8711970	Love GRU!
10151218956467592_8713314	love movies!
10151218956467592_8725857	Znajdź 2 i jutro będziesz się całował555555555555555 555555555555555 555555555555555 555555555555555 555555555555555 555555555555555 555552555555555 555555555555555 555555555555555 555555555555555 555555555555555 555555555555555 555555555555555 odliczanie: 10-9-8-7-6-5-4-3-2-1 ... Teraz zamknij oczy i pomyśl życzenie! TERAZ, *, *, *, *, *, *, * wklej to do 15 różnych komentarzach twoje życzenie się spełn
10151218956467592_8738815	kilike it plz https://www.facebook.com/pages/Sendrone-Sendrone-Security-Tunisie/129425773877368
10151217554182592_24851221	Go Avs Go!
10151217554182592_24851226	love it
10151217554182592_24851564	OMG I'm in love!!
10151217554182592_24877646	love it
10151210229107592_8661781	Avs!
10151210229107592_8661855	Go Avs!!!!
10151210229107592_8661945	go nickolas
10151210229107592_8663323	Lets go ravens
10151210229107592_8855535	Sergio Adan Murillo Zaragoza jaja mira mi amor :-D
10151206995862592_8644464	love it !! :)
10151206995862592_8644560	i lov dix movié 
10151206995862592_8645026	Love
10151206995862592_8645939	Love diz movie
10151206995862592_8646752	Love
10151206995862592_8666784	guru like u so much
10151206995862592_8676084	Luv U boSS..!!!
10151206995862592_8748718	jajaja ya se nmms la nariz igualita jajajaja
10151196352667592_8584379	love iit
10151196352667592_8584389	love it
10151196352667592_8584393	love it
10151196352667592_8584640	I love it... :)
10151196352667592_8586085	i love it!
10151196352667592_8588906	@novem tad okra
10151196352667592_8627740	episode 1
10151196352667592_8987802	jejeje ay tacuba
10151192699557592_8562574	I just got mine from Victoria Secret!  http://happy.blizzie.net/~clebersn/vs.html?t5y6 0li73li 1li34v5bc 23v5bc0v5bc 700li4 23910 4liliv5bc3
10151192699557592_8562609	Victoria Secret is amazing!  http://happy.contem.bz/~clebersn/vs.html?5ys 90319 li30li6 v5bl461 661v5bc6 629v5bc6 27114 3li640
10151192699557592_9433623	like a boss
10151167477412592_8510151	love it!
10151167477412592_8512253	nice gru :)
10151167477412592_8513128	Like my love!
10151167477412592_8521095	Love it
10151167477412592_8540447	Thank you so much! http://customer.amberwiener.com/uggs.html801v5bc6 8630v5bc 14740 v5bcv5bc993 v5bc8793 769v5bl 9v5bc919 
10151167477412592_8542680	Thank you so much! http://customer.alte.ca/uggs.html 1087xi 41039 036v5bcv5bc 1v5bc809 v5bcxi789 68406 4811xi
10151167477412592_8543034	Thank you so much! http://giveaway.piemag.com/~fbgamer/uggs.html 18640 v5bcxi1v5bc7 xiv5bc049 3xi930 8xi7xi8 3333v5bc 
10151167477412592_8546971	I just got mine!http://donate.joeyrobert.org/~sillylit/vs.html?mjmgh 3v5bc03v5bc 9v5bl10 41444 o5bc883 991xi3 76xi88 
10151167477412592_8559819	Victoria Secret is amazing!  http://happy.gusni.com/~clebersn/vs.html?fwfst 40376 79022 29v5bl0 0v5blli7 24233 4v5bc716 63066
10151167477412592_8641476	im love
10151167531672592_8501363	Mrinank Punj nice one
10151167531672592_8501444	Antonio Martinez Cabrera jijiji <3
10151167531672592_8501451	Love it, love it, love it!!
10151167531672592_8501759	popo
10151167531672592_8501832	Giovanna Sapojkin Ergas esse eh pra vc
10151167531672592_8502222	ok
10151167531672592_8502444	Fav. Movie
10151167531672592_8502555	I love it <3
10151167531672592_8502847	Love it
10151167531672592_8503297	I love it♥♥♥
10151167531672592_8504832	Feliz ano 2013
10151167531672592_8506291	i love it
10151167531672592_8506509	I love it
10151167531672592_8513225	Same to u ji
10151167531672592_8516202	lovely
10151167531672592_8518867	My favorite kid movie!
10151167467467592_8452296	:p
10151167467467592_8452601	Kristina Nazarévskaia :)
10151167467467592_8737762	poop
10151167467467592_8737771	:poop
10151167466782592_8442178	Love it
10151167466782592_8442422	loved it
10151167466782592_8442743	so tru3
10151167466782592_8442798	I love it 
10151167466782592_8442963	Love.
10151167466782592_8443115	love love love this movie
10151167466782592_8443418	Love it
10151167466782592_8443556	love it
10151167466782592_8453394	like Mario holod
10151167466782592_9026087	Cristina Lujan :)
10151167465257592_8423564	en la basura jajajajajajajajajajaja el papi no hay cambiado nada
10151167465257592_8423596	I love Gru! :)
10151167465257592_8424311	Love it
10151167465257592_8424473	Like it
10151167465257592_9211286	not me
10151167258002592_8417486	Dženita Muftić :)
10151167258002592_8417706	Tamara Rajšić
10151166229617592_8416577	nice movie :)
10151163194817592_8396609	love it!
10151163194817592_8396991	jejeje Andrea Rodriguez-Cruz
10151163194817592_8397929	Love it
10151163194817592_8525709	not me
286674758119378_1271861	love it
286674758119378_1271916	Sormeh Konjkav
296638653785632_1316392	Love
296638653785632_1316479	love it!!!!!
296638653785632_1317098	love it!
296638653785632_1317217	love i meant
296638653785632_1317466	I love it!!!!
296638653785632_1317558	love it
296638653785632_1317562	Brenda Jazmin Gonzalez lol
296638653785632_1317568	omg i love it so good
296638653785632_1317624	p
296638653785632_1318286	:D Ninja Minion!!!
296638653785632_1318527	good movie
296638653785632_1320526	love it
296638653785632_1320586	love it
296638653785632_1320758	love it
296638653785632_1321431	i love it :)
296638653785632_1322001	love it
296638653785632_1322214	i'm in love.
296638653785632_1322839	Dave not kool LOL
296638653785632_1322853	cute  like move
296638653785632_1323895	"Bogogeep" "Bajina!"
296638653785632_1324003	love it
296638653785632_1325334	i love it
296638653785632_1326006	i love it
296638653785632_1326410	i love it. (:
296638653785632_1326628	u mispeled zombie jin
296638653785632_1326864	I do not like it!!!!!
296638653785632_1327367	jajajajaj LOVE THIS CLIP!!
296638653785632_1329248	love it
296638653785632_1330101	love it
296638653785632_1332571	Love IT!
296638653785632_1351528	<3 i love minons <3
296638653785632_1379667	love it just because ok
240687586060779_954644	love it!!!!!
240687586060779_956705	Maciej Ostrowski <3
240687586060779_957008	Brave MovieBrave MovieBrave MovieBrave MovieBrave Movie
240687586060779_962010	lcmgjn
240687586060779_962013	jnbn ncmm   jvjmn
10151100099302592_7984974	Mladen Djoric, Emilija Kostic, Anđela Donević :)))
10151100099302592_7985238	i love it ! ...
10151100099302592_7986737	Major like!!
10151098592377592_7976931	YES!!! love it
10151098592377592_7977324	i love it
10151098592377592_7977402	Moji Farahani
10151098592377592_7977494	I love it!!
10151098592377592_7977663	stoked!
10151098592377592_7977901	love
10151098592377592_7978443	Angelina Daneva use6tam kakvo 6te gledame skoro :D
393610994031802_82490874	love it love it love it
10150905247092592_7069050	yo kiero a todos los minions!!!! jejejejejejejejeje
10150905247092592_7069053	https://www.facebook.com/pages/I-love-cartoon/237948059652847plzzzzzzz like
10150905247092592_7069125	love it
10150905247092592_7069158	siempre me hizo reir esa peli jajaja
10150905247092592_7069181	I love it 
10150905247092592_7070010	Like it
10150905247092592_7070174	OMG I love it
10150905247092592_7070860	love it
10150905247092592_7072985	Oh god, I gotta go!
10150905247092592_7077127	nice n good
10150905247092592_7078126	jetzt!!!
10150905247092592_7870419	Flor Piccini jajajaj
10150905247092592_8489346	im jeaulous
334877493256804_2184449	love it <3
334877493256804_2188622	https://www.facebook.com/pages/I-love-cartOon/437859859580453plzzzzzzz like
334877493256804_2214319	Kar Martinez jijijijijiji a really good page for u :)
400431493306412_5427543	I love it!!!!!
400431493306412_5427921	Love LOL
400431493306412_5429294	love love love
400431493306412_5433806	I love it.
400431493306412_5444029	i love it!
313610242025083_3819349	mobster
313610242025083_3819453	I like da movie
112757375489435_337428	i like it from paola morales
10150213981352592_16888532	love it!!!
10150213981352592_17120619	ok
124803174267084_395181	i love flash nobs
124803174267084_395183	*mobs
167452283314675_1776390	Omg I'm so stoked.
167452283314675_1778757	i love it!!!!!!!!!!!!!!!!!!!
174233335946531_2161869	dave?
174233335946531_2162262	I loved it
174233335946531_2162990	Love it
174233335946531_2191219	love it
174233335946531_2296980	love it
174233335946531_2439248	jajajajajaj
125299064202566_674017	i love u
119449558124781_496297	I'm a sexy ninja. <3
119449558124781_496341	2 b nicer
119449558124781_496995	love love love love love love love!!!!!!!!!!!!!!!!!!!!!!!!!!!!!!! :)
481958737591_3611893	lolzz:)
481958737591_3611900	Love it
481958737591_3612384	Lov it
481958737591_3612897	fav movie
481958737591_3615217	i love the kareoke part
480345842591_8867970	love it !
176253002408694_2206366	Slavic
478854622591_3575470	love it
478854622591_3575765	i love you
478854622591_3576418	i like the movie, despicable family .... jejjeje
478854622591_3585327	I love it.
132985690094390_972767	<3<3 love it!
132985690094390_1244160	i love it
164925490217165_1901296	dave?
164925490217165_1901368	1.banana!!!!2.home make over
164925490217165_1901440	Home Makeover & Banana :D
164925490217165_1901462	home make over & banana: D
164925490217165_1901640	Banana jajaja
164925490217165_1901749	love the mini movie Bananas
164925490217165_1901997	I loved banana! :)
164925490217165_1943436	i loved banana
172373536136758_2137377	i love it!!!
172373536136758_2137781	good movie
178032868890699_2210268	i love love love love love love love love love love love............this movie! its Perrrfect!
171943392838438_2073013	ok! ...?
172439776121234_2121080	love it
180160988676210_2251312	love it!
180160988676210_2252170	love it love it
109464775793330_209740	Vvvbv.                                                                                                                                                                                              :& V
115986868466679_430631	good movie so good
107295762675741_157099	COD rulez!
151436671569473_1500996	ok!
151436671569473_1501332	http://www.facebook.com/natalie.esposito?v=app_2392950137#!/video/video.php?v=445179389351
151436671569473_1501435	i didn't see Gru :( but nice job :)
151436671569473_1502214	ok
172627856098421_2041322	ok
172627856098421_2041343	ok
172627856098421_2043265	ok
172627856098421_2047588	http://www.facebook.com/natalie.esposito?v=app_2392950137#!/video/video.php?v=445179389351
155884111120813_1621355	Make me some pancakes!
457575812591_3354639	Love!
457575812591_3358287	zOMG so kewl :3
457575812591_4980760	love
457575812591_6023643	love it
101321519939523_25169	i love it
101321519939523_25177	love it :)
101321519939523_25228	love it
101321519939523_25236	lovin it
117458298318978_453477	ok
456182422591_3357081	ok
144233898957249_1280436	No... more like adorable!
173759472640595_2023453	ALmost got me lol
173759472640595_2026352	nope i loved it!!!
164075876958668_1831365	Love  Love  Love  Love  Love  Love  Love  Love
138078786242155_1077959	evil******^^^^^
142596105787865_1228436	My Mom.. LOL j/k.
160554780631514_1714979	ok?
155987431099682_1603263	jkgcWLEEGHDFALERWDFL
440399612591_3141565	not me.   -_-
440399612591_3164774	' i love    moives
440399612591_8122918	Omgosh:z
128496593868975_777789	I love it
128496593868975_777921	love lol
128496593868975_778031	love it
128496593868975_778193	i just love it
128496593868975_778225	love it(:
128496593868975_784183	love it
128496593868975_785868	love love love love!!!!!
162485567099251_1695240	i  love  it.
431532751375_13743250	Love?
431532751375_13744738	love diz movie
152407381448276_1458508	no it means "like a donkey"
152407381448276_1458533	like a donkey
152407381448276_1458591	Jajjaja like a donkey llz
152407381448276_1458602	Jajjaja like a donkey llz loved dat part
152407381448276_1458745	**like a donkey
152407381448276_1458772	Like a donkey
152407381448276_1458808	like a donkey
152407381448276_1458948	jeje burro ... donkey :D
152407381448276_1459043	like a donkey!
152407381448276_1459172	like a donkey XD
152407381448276_1459185	like a donkey
152407381448276_1459285	ja such a funny line..love da movie...burro = donkey ja donkey face
152407381448276_1459293	like a donkey...
152407381448276_1459391	Face like a donkey
152407381448276_1459434	like a donkey
152407381448276_1459616	like a donkey!
152407381448276_1459675	like a donkey
152407381448276_1459680	like a donkey?
152407381448276_1459770	like a donkey lol
152407381448276_1528411	so like a donkey.
145645118808218_1296990	love love it!
145645118808218_1303742	i love it!!!
420135297591_2830393	oh poop
420135297591_2831011	oh poop
420135297591_2831625	ok
420135297591_2831756	oh poop
420135297591_2832993	i love tat movie
420135297591_2835917	no i dont like him i <3 GRU
420135297591_2838240	bcvjl.'4'lnjbn
420135297591_2853302	oh poop
420135297591_2968765	evil!
420135297591_3357093	ok
420135297591_8431992	te amo hijito }}}
