10200590565219747_5534017	陳宣伶
10200585376410030_5516245	楊依璇
10200585376410030_5518660	张统
10200585376410030_5519842	出2了都，搜搜看
10200585376410030_5530852	鐘良軒 哈哈 要出2囉~
10151448444637592_9937564	樓上豆芽菜寫一大堆，
10151459176355163_25507841	謝佩璇
10151436905802592_9887541	:）
10151450219560163_25413185	子薇
10151450219560163_25415763	Karen Chen我们去看这个好不好好不好！我想看这个！
10151450219560163_25464310	孫琪棻ｍｉｎｉｏｎ有屁股耶
10151428813287592_9857853	等不极了!!!!!
10200472102578255_5435088	李秋澄 !!!!!!!!!!!!!
10151422651655163_25535337	@可是你看不到了啊。看看中国有没有把
10151414564815163_25130782	陳宏洋
10151404405045163_25056322	呢出好睇 第一集好好笑
10151389928987592_9612047	很像~^^
10151357593987592_9341981	好有爱的画面~~
10151345779257592_25554371	好喜欢
